T_mem,T_grok,T_circuit,T_circuit_25,T_circuit_75,T_circuit_90,T_test_50,exc_min,T_exc_min,T_exc_recover,T_exc_enter,T_res_01,res_final,l2_peak,T_l2_peak,l2_final,l2_init,gini_final,gini_max,T_gini_05,n_keys,emerg_first,emerg_last,emerg_spread,wl_kf_conc_final,config,family,momentum,regime,seed,gap,gap_ratio,circuit_lead,cleanup_dur,dip_width,mem_to_excmin
49.9705365388735,506.28726171749463,326.6093621734406,177.33146044997088,422.08032364979726,774.9739372332958,389.8648600747922,0.13037011869465992,70.0,280.0,40.0,382.39949041033424,4.4488259425263116e-08,6126.4754384337575,12300.0,937.4466072602081,1783.3782138824463,0.938105970621109,0.9414032697677612,284.8157565939321,5,0.0,0.0,0.0,0.9973134994506836,AdamW fast,AdamW,0.9,fast,0,456.31672517862114,10.131715542490511,179.67789954405401,210.0,240.0,20.029463461126497
49.928220928577744,337.56664560229643,198.46712717166488,90.68563141226029,293.06586528814273,401.71074822097,230.83556137114877,0.3093334212422382,70.0,150.0,40.0,249.75490949219758,2.925740477952542e-07,3436.48530754901,20800.0,1380.402442116174,1787.0870623588562,0.9476693272590637,0.9515060186386108,167.0262234178566,5,0.0,0.0,0.0,0.9845325350761414,AdamW fast,AdamW,0.9,fast,1,287.6384246737187,6.76103893397654,139.09951843063155,80.0,110.0,20.071779071422256
49.810929075724516,524.4852463797378,468.9067247405118,265.7699855621659,1030.837212324108,8322.104468162084,452.77777687670203,0.08106143968538873,190.0,410.0,40.0,534.739782628078,0.000635914033684973,3966.544157857832,23150.0,2462.7790230093524,1779.1197283267975,0.9475876688957214,0.958027184009552,359.5103889123062,5,0.0,0.0,0.0,0.9960624277591705,AdamW fast,AdamW,0.9,fast,2,474.67431730401324,10.529521454667004,55.57852163922598,220.0,370.0,140.18907092427548
49.889216138282094,415.45067218520035,263.9269114277635,146.62508886588083,338.7470201340757,1083.698918716698,308.0924378251124,0.14285624025923363,70.0,220.0,40.0,313.91536420430305,0.000598081972124325,4516.478129785042,10150.0,1643.2190943118185,1774.7362294197083,0.9460138082504272,0.9542083740234375,221.63230798575134,5,0.0,0.0,0.0,0.9957353174686432,AdamW fast,AdamW,0.9,fast,3,365.56145604691824,8.327464417032754,151.52376075743683,150.0,180.0,20.110783861717906
58.76051824549505,443.7461187464138,203.94477159718005,68.470650332876,409.30914643306375,496.4690974171477,352.2847008054708,0.529273883835849,70.0,140.0,50.0,424.9938596281599,1.4760396561436312e-07,4447.41000952106,8800.0,1161.700189475203,1780.501963853836,0.9441733062267303,0.9522007703781128,178.32952809182032,5,0.0,0.0,0.0,0.9828791916370392,AdamW fast,AdamW,0.9,fast,4,384.98560050091874,7.551773401529422,239.80134714923375,70.0,90.0,11.23948175450495
137.47916637602492,10090.609963237253,8294.851290415427,3578.898025454355,9442.745769540694,9974.977462825278,9270.616412610712,5.2623589483426245e-05,1410.0,7950.0,120.0,8087.948016766823,3.785187139918101e-08,3675.0360378585756,180.0,964.3658425230533,1783.3782138824463,0.92426797747612,0.9246402978897095,7671.373265942574,5,0.0,0.0,0.0,0.996163010597229,AdamW slow,AdamW,0.9,slow,0,9953.13079686123,73.39737524766488,1795.7586728218266,6540.0,7830.0,1272.520833623975
138.58411364797672,5352.609676044331,4042.7479384190888,1328.7825951584027,4898.311204286047,5558.7544630464545,4600.743227432275,0.0009120213492215213,1190.0,3680.0,120.0,3881.1097369729255,4.635237135406378e-08,3626.7124499250203,180.0,976.3231016071513,1787.0870623588562,0.9229292273521423,0.9266487956047058,3567.472508881746,5,0.0,0.0,0.0,0.997622013092041,AdamW slow,AdamW,0.9,slow,1,5214.025562396354,38.62354446802407,1309.8617376252419,2490.0,3560.0,1051.4158863520233
135.44047831286008,7613.261964701965,6365.6888139159455,2623.066088840737,7329.693915713639,13970.942652852767,6929.785660733518,9.493245162484594e-05,1350.0,6050.0,120.0,6088.056579416721,2.310340784225437e-08,3672.574788674712,170.0,967.9976876862347,1779.1197283267975,0.9116860330104828,0.9120920896530151,5533.288633872736,5,0.0,0.0,0.0,0.9884516000747681,AdamW slow,AdamW,0.9,slow,2,7477.821486389104,56.211127275523545,1247.5731507860191,4700.0,5930.0,1214.55952168714
137.7957718945128,6049.024696949514,4240.109507578504,1505.334497380893,5236.011724277339,5917.247237214084,4802.81248092175,0.0017614178041712631,1050.0,3270.0,120.0,4123.772437622418,5.6168619171530616e-08,3652.783281248063,170.0,893.5123474569991,1774.7362294197083,0.9357098639011383,0.9383043646812439,3293.560088075096,5,0.0,0.0,0.0,0.9965140223503113,AdamW slow,AdamW,0.9,slow,3,5911.228925055001,43.898478260858695,1808.9151893710095,2220.0,3150.0,912.2042281054872
139.5638272346502,5936.863997564317,4284.4,1000.723118126389,5860.139653414883,9266.301942273467,4998.5999872125485,0.010877123748364864,850.0,2680.0,120.0,5339.4219121143515,4.4176185994611664e-08,3642.7382471598685,180.0,862.1298340037465,1780.501963853836,0.9405462443828583,0.9406470060348511,2977.2525991528687,5,0.0,0.0,0.0,0.998469740152359,AdamW slow,AdamW,0.9,slow,4,5797.300170329667,42.538701576179925,1652.4639975643177,1830.0,2560.0,710.4361727653497
56.21430388416004,198.22993149642258,543.0701607189469,52.82531589784125,873.6226937172684,7838.16759024239,97.92417316590482,0.1638463894951017,450.0,750.0,20.0,392.8607612218679,6.9910030382472725e-06,5694.302080762573,450.0,2308.539892029017,1783.3782138824463,0.7784114181995392,0.7872416377067566,460.24793425283053,11,0.0,0.0,0.0,0.8893426358699799,EGD m=0 fast,EGD,0.0,fast,0,142.01562761226253,3.526325468779476,-344.84022922252433,300.0,730.0,393.78569611584
55.96971692631229,169.95567045888,596.0549381666738,48.30079779251737,846.271410813583,1313.957025161434,98.71767160743379,0.13450848386857245,550.0,750.0,30.0,390.36679219342295,1.5396189655820782e-06,5584.353859820869,250.0,2268.9721722975373,1787.0870623588562,0.7781010866165161,0.7904687523841858,511.9289311590811,12,0.0,0.0,0.0,0.9282319247722626,EGD m=0 fast,EGD,0.0,fast,1,113.98595353256772,3.0365647673837177,-426.09926770779373,200.0,720.0,494.0302830736877
57.590934938258776,183.14757192875624,468.3890344355543,51.72882046295901,913.1696541972193,2247.2562952510543,100.72968945379344,0.262907143979102,350.0,750.0,20.0,235.01056367802053,1.41833592989089e-06,5481.876618570881,400.0,2097.588197670877,1779.1197283267975,0.7907925546169281,0.7982428669929504,403.5729043153318,11,0.0,0.0,0.0,0.9337645769119263,EGD m=0 fast,EGD,0.0,fast,2,125.55663699049745,3.1801458358872337,-285.2414625067981,400.0,730.0,292.4090650617412
53.96297010281384,160.9255625230542,588.8637872382872,45.711814886784914,857.2721157981125,1065.2305550367591,80.42605526060495,0.06047757498474742,400.0,750.0,30.0,406.16655721501377,2.8168600531466374e-06,6022.396674416959,400.0,2279.2889492437243,1774.7362294197083,0.7722765207290649,0.7818402051925659,561.8909784438748,12,0.0,0.0,0.0,0.9254765212535858,EGD m=0 fast,EGD,0.0,fast,3,106.96259242024036,2.9821479843761027,-427.938224715233,350.0,720.0,346.03702989718613
55.839288728002046,155.82497610204817,538.9714784417127,40.448126509183666,785.3410959977025,1136.547179322671,78.77511475501636,0.17079767969262277,400.0,700.0,30.0,238.14418242379114,4.283506970747632e-06,5660.287487332476,350.0,2140.048641361296,1780.501963853836,0.7865514159202576,0.7960873246192932,418.80380985214265,11,0.0,0.0,0.0,0.9109744131565094,EGD m=0 fast,EGD,0.0,fast,4,99.98568737404612,2.7905974386795105,-383.1465023396646,300.0,670.0,344.16071127199797
176.787614395326,3927.219565217391,3073.9559342974358,1931.769363846413,3629.6233182499204,4169.70428052419,3195.499979279765,4.3644666652012196e-05,370.0,2790.0,160.0,2989.041376833613,2.68292885849684e-07,4817.315822377801,820.0,1385.4119983911514,1783.3782138824463,0.9485850632190704,0.9495391249656677,2803.1669369283436,5,0.0,0.0,0.0,0.9980523884296417,EGD m=0 slow,EGD,0.0,slow,0,3750.431950822065,22.214336556606767,853.2636309199552,2420.0,2630.0,193.212385604674
178.4362407325978,5110.871395950678,4737.069091440257,2806.485696517413,5621.541055377491,6668.165443217568,4195.749990009901,1.8190101311483356e-05,1280.0,4340.0,160.0,4548.166939512402,7.413497144029542e-07,4832.480134218931,820.0,1451.6029526293278,1787.0870623588562,0.9134574234485626,0.9159674644470215,3555.979092190905,5,0.0,0.0,0.0,0.967008650302887,EGD m=0 slow,EGD,0.0,slow,1,4932.43515521808,28.642563724539354,373.802304510421,3060.0,4180.0,1101.5637592674022
177.32478283604803,3796.016197495782,3268.076762695578,2044.1385954086966,4350.73047858942,7027.372940101459,3168.986445864459,4.4431230286199325e-05,360.0,3110.0,160.0,3210.6381356663774,2.4887520722075915e-07,4762.454774998128,820.0,1492.4384266138077,1779.1197283267975,0.9249930381774902,0.9251275062561035,2697.216763390964,5,0.0,0.0,0.0,0.9918253123760223,EGD m=0 slow,EGD,0.0,slow,2,3618.6914146597337,21.40713856678186,527.9394348002038,2750.0,2950.0,182.67521716395197
178.92353547832624,3863.2619647019646,3029.5177031320927,2005.902221054015,3594.079667044059,4190.732650255584,3133.3870722869133,5.205911943811382e-05,360.0,2830.0,160.0,2959.7551392056243,2.39265883340564e-07,4798.22083684057,820.0,1390.0161204338074,1774.7362294197083,0.9442207217216492,0.9442585110664368,2756.1100917431195,5,0.0,0.0,0.0,0.997363269329071,EGD m=0 slow,EGD,0.0,slow,3,3684.3384292236383,21.591692531528015,833.7442615698719,2470.0,2670.0,181.07646452167376
183.0192435849595,3212.0120154522447,2469.391446104999,1318.6377324866626,3117.713559352166,4010.679852154766,2608.2499980019766,8.710692339657164e-05,360.0,2310.0,170.0,2409.7778061214567,3.736631381327285e-07,4742.529114957899,820.0,1477.8577044606209,1780.501963853836,0.9213975369930267,0.9217067956924438,2174.5406385335887,5,0.0,0.0,0.0,0.9684142172336578,EGD m=0 slow,EGD,0.0,slow,4,3028.9927718672852,17.550132721214062,742.6205693472457,1950.0,2140.0,176.9807564150405
29.226262731542864,353.5061072261072,633.5431239287254,175.54051218359587,722.3859437474017,796.8452319812761,76.17811247470956,0.0032202315669371154,60.0,650.0,10.0,573.422309357411,2.2400982491340767e-06,8138.557439457858,30.0,1458.5844816993922,1783.3782138824463,0.9158443808555603,0.9280757904052734,195.0636516681431,5,0.0,0.0,0.0,0.9914737045764923,EGD m=0.9 fast,EGD,0.9,fast,0,324.2798444945643,12.095494742972411,-280.03701670261825,590.0,640.0,30.773737268457136
29.319345019514692,496.35212194217934,903.9585987854535,250.37914855447457,2367.27551774257,2754.2685539246304,75.30682969656786,0.0006653010654656904,80.0,1000.0,10.0,732.5172818472952,1.5430247484768536e-06,8368.054759188555,30.0,1494.2059060577303,1787.0870623588562,0.9139695465564728,0.9217822551727295,212.32032562987968,5,0.0,0.0,0.0,0.988233745098114,EGD m=0.9 fast,EGD,0.9,fast,1,467.03277692266465,16.92916815201062,-407.6064768432742,920.0,990.0,50.68065498048531
29.08802253163907,477.0122144522144,833.1733551373286,244.62072969300286,2692.335386307892,8535.064944562144,80.54333229909801,0.0005293555906072528,90.0,950.0,10.0,710.0880290171531,1.967723190079713e-06,7893.004132211674,30.0,1463.7946232259274,1779.1197283267975,0.9097431898117065,0.919076144695282,206.82277497085116,5,0.0,0.0,0.0,0.9892200827598572,EGD m=0.9 fast,EGD,0.9,fast,2,447.9241919205753,16.398922062624496,-356.1611406851142,860.0,940.0,60.91197746836093
29.29787252644384,501.0730463199772,684.0947220906363,381.1890508996054,918.70663653768,1725.4100099428942,78.64055228013032,0.0007492358000978578,90.0,750.0,10.0,659.0629997057733,3.690793335645138e-06,7991.74509557616,30.0,1550.7311124820262,1774.7362294197083,0.9167658388614655,0.9317898154258728,264.9448692218313,5,0.0,0.0,0.0,0.9885340332984924,EGD m=0.9 fast,EGD,0.9,fast,3,471.7751737935334,17.10271098584772,-183.0216757706591,660.0,740.0,60.70212747355616
29.277133897618217,397.88106560106553,697.6271865470857,145.65088135786252,1182.1886028170743,2284.211067329107,74.73826632920158,0.004127575508095717,70.0,800.0,10.0,633.9701483686506,3.636885467205403e-07,8272.49143494619,30.0,1443.645003161393,1780.501963853836,0.9096484184265137,0.9213882088661194,157.18630150219775,5,0.0,0.0,0.0,0.9897937178611755,EGD m=0.9 fast,EGD,0.9,fast,4,368.6039317034473,13.59016449466846,-299.74612094602014,730.0,790.0,40.722866102381786
190.658565701559,4897.609803399222,3868.981215702828,2322.246498916753,4601.092868755394,5621.441781947474,4110.1807047162965,2.5894592386474157e-05,320.0,3380.0,170.0,3835.0621189647204,3.0199368008861476e-07,4720.5918785482645,830.0,1413.97329595685,1783.3782138824463,0.9348280727863312,0.9350264668464661,3482.733838535825,5,0.0,0.0,0.0,0.9969881474971771,EGD m=0.9 slow,EGD,0.9,slow,0,4706.951237697663,25.687856117964987,1028.6285876963939,3060.0,3210.0,129.341434298441
191.67392085438357,5495.156675293043,4380.214747989802,2744.2541838066445,5212.800662674513,5717.97752687766,4699.351850024667,2.473668020902296e-05,1280.0,3980.0,170.0,4565.249874228681,2.688814100175197e-07,4699.792895812541,830.0,1446.9714141637087,1787.0870623588562,0.919312983751297,0.9199331402778625,3891.0256688302634,5,0.0,0.0,0.0,0.9800779223442078,EGD m=0.9 slow,EGD,0.9,slow,1,5303.48275443866,28.66929757996532,1114.9419273032408,2700.0,3810.0,1088.3260791456164
189.48755945647582,4193.116516694293,3333.9040940740815,1961.0898859145686,3940.8388575275776,4358.186259682869,3615.439535346675,4.54065109035594e-05,310.0,3110.0,170.0,3318.8550078734165,1.6345196696008176e-07,4668.642178654671,830.0,1498.872840180993,1779.1197283267975,0.918423593044281,0.9185283184051514,3059.097038770222,5,0.0,0.0,0.0,0.9931198060512543,EGD m=0.9 slow,EGD,0.9,slow,2,4003.628957237817,22.128716675236017,859.2124226202113,2800.0,2940.0,120.51244054352418
193.88526733755225,4185.85362295082,3399.750280874256,2193.1322026527505,3988.703340524286,10649.87470449173,3538.1034503876635,4.024397937641189e-05,320.0,3160.0,180.0,3325.2256878502535,2.8177080617051787e-07,4674.9617015346885,830.0,1313.4640847444534,1774.7362294197083,0.9493390321731567,0.9503743648529053,3044.02527922244,5,0.0,0.0,0.0,0.9955123364925385,EGD m=0.9 slow,EGD,0.9,slow,3,3991.9683556132677,21.589333116596695,786.1033420765639,2840.0,2980.0,126.11473266244775
196.7078650705504,3874.190767740373,3016.917608042284,1755.4405079643645,3784.9724759419346,4709.182834677831,3171.1193727186696,5.156445781686883e-05,320.0,2690.0,180.0,3188.7559832228762,5.273580552345947e-07,4639.1291230767965,820.0,1355.9268128573895,1780.501963853836,0.9411676228046417,0.9449013471603394,2510.6677534486803,5,0.0,0.0,0.0,0.9862499833106995,EGD m=0.9 slow,EGD,0.9,slow,4,3677.4829026698226,19.69514928318129,857.2731596980889,2370.0,2510.0,123.29213492944959
52.17648385883868,168.37651329098642,112.72021492156729,0.0,395.94338521986543,2007.5274115650705,80.59491034826961,0.7424907367145382,70.0,110.0,30.0,125.29321222355337,4.0313508184309847e-07,7186.358011730015,1200.0,4997.656692445278,1783.3782138824463,0.6847072839736938,0.6899347305297852,233.04563213401087,17,0.0,0.0,0.0,0.9274697005748749,Muon m=0 fast,Muon,0.0,fast,0,116.20002943214774,3.22705749483852,55.65629836941913,40.0,80.0,17.82351614116132
49.968084708510915,163.95122412552948,97.29400796545443,0.0,680.6544998984222,3801.564955607716,91.13888749696861,0.7390266513572656,60.0,80.0,30.0,121.23720017589797,1.0673210582716402e-07,7661.45590981096,950.0,5637.454248238355,1787.0870623588562,0.645698606967926,0.6549633145332336,308.59657746108473,19,0.0,0.0,0.0,0.9301137924194336,Muon m=0 fast,Muon,0.0,fast,1,113.98313941701856,3.2811188397942366,66.65721616007505,20.0,50.0,10.031915291489085
48.67059246924853,174.70919627853598,99.28227005598278,0.0,973.2549009986014,6377.996207332491,77.66450593903139,0.7799649200056822,50.0,70.0,30.0,117.83616650896235,7.901503211948381e-08,7326.341862576082,900.0,5541.537066329271,1779.1197283267975,0.688944935798645,0.6968038082122803,243.05412838768245,17,0.0,0.0,0.0,0.9271804392337799,Muon m=0 fast,Muon,0.0,fast,2,126.03860380928745,3.5896254270773924,75.4269262225532,20.0,40.0,1.3294075307514674
49.83118210711066,146.56024947894628,196.94333319645008,0.0,1385.6912970902235,4473.62501739897,68.220578287838,0.5144328668347854,70.0,950.0,30.0,185.34609475983092,1.637323178826449e-07,8182.254988428205,950.0,5599.9131720829755,1774.7362294197083,0.6785504221916199,0.6866025924682617,549.4782742167102,17,0.0,0.0,0.0,0.9267612397670746,Muon m=0 fast,Muon,0.0,fast,3,96.72906737183561,2.9411353149102366,-50.38308371750381,880.0,920.0,20.168817892889336
47.85484095453055,165.46034147582452,100.45519961507507,0.0,872.0751414566816,3064.639524064624,68.72021344996908,0.8814019199777738,60.0,80.0,40.0,115.00360382397008,1.647333148231659e-07,7926.103942915797,1200.0,5251.252882715315,1780.501963853836,0.6831019520759583,0.6867378950119019,367.1088402009487,17,0.0,0.0,0.0,0.9359519481658936,Muon m=0 fast,Muon,0.0,fast,4,117.60550052129398,3.457546575758913,65.00514186074945,20.0,40.0,12.145159045469448
176.9238143276443,4293.727995128635,3646.035024087049,2596.9544813169587,4440.0133667411665,12877.107438016536,3421.2337563486903,3.5294278074021145e-08,450.0,3330.0,160.0,3165.2860026351473,1.5531955949254875e-10,17178.584870570106,2860.0,6569.524043414315,1783.3782138824463,0.9220374822616577,0.9222550988197327,3352.9488706102184,5,0.0,0.0,0.0,0.9860509932041168,Muon m=0 slow,Muon,0.0,slow,0,4116.80418080099,24.268796212911745,647.6929710415857,2880.0,3170.0,273.0761856723557
177.55645634312077,3843.008098747891,3670.60400323636,2794.8396038881697,4328.601571067105,5618.7343129893825,3317.9687309216442,2.1267601163634944e-08,450.0,3640.0,160.0,3257.799769632973,2.0338906643047058e-07,16993.75897194154,2830.0,6660.894088578318,1787.0870623588562,0.9063719213008881,0.9080972075462341,3225.702243348608,5,0.0,0.0,0.0,0.9025951623916626,Muon m=0 slow,Muon,0.0,slow,1,3665.45164240477,21.643865719652744,172.40409551153107,3190.0,3480.0,272.4435436568792
175.84707095665252,3417.8269992734317,3036.838540556134,2225.594495256005,3591.5870713802124,4898.471432439752,2846.318664590091,8.628612936261344e-08,430.0,2900.0,160.0,2577.044855009583,1.7410315703446617e-10,15715.705750217196,2600.0,6478.058461002975,1779.1197283267975,0.9178294539451599,0.9178429245948792,2817.4648564044696,5,0.0,0.0,0.0,0.9962422847747803,Muon m=0 slow,Muon,0.0,slow,2,3241.979928316779,19.43636013201465,380.9884587172978,2470.0,2740.0,254.15292904334748
177.94531549848404,3734.721357893134,3526.092263188612,2600.8550776369802,4927.666775072157,24992.41266016866,3033.8124796035936,4.972726352231872e-08,430.0,3270.0,160.0,3024.7421669265505,6.429241792683112e-09,16184.885341166868,2710.0,6957.965382620922,1774.7362294197083,0.8988540470600128,0.9031979441642761,2978.9225442442635,5,0.0,0.0,0.0,0.8977180123329163,Muon m=0 slow,Muon,0.0,slow,3,3556.77604239465,20.98802852680295,208.62909470452223,2840.0,3110.0,252.05468450151596
179.8802075022799,3604.609643561191,3146.0827417034225,2214.970392083571,3887.6785323243876,4781.049338311696,2893.1689892463437,1.585898346613783e-07,440.0,2910.0,170.0,2697.245248438042,1.7685602424968045e-09,15586.31760572968,2630.0,6279.3700512564465,1780.501963853836,0.919070839881897,0.9235826134681702,2852.7900421194095,5,0.0,0.0,0.0,0.9665299355983734,Muon m=0 slow,Muon,0.0,slow,4,3424.7294360589112,20.038945327075545,458.52690185776873,2470.0,2740.0,260.11979249772014
43.16072676279111,1464.5759983762114,1890.7591223861461,1390.289039102749,2521.5843626451883,3874.1920989922774,1065.949719755802,0.0046695205653863115,60.0,240.0,30.0,1398.3355958593618,3.220673280567036e-10,60332.30396575108,1020.0,5797.123665748484,1783.3782138824463,0.9348172247409821,0.9350535273551941,1432.3456286343035,5,0.0,0.0,0.0,0.9977062344551086,Muon m=0.95 fast,Muon,0.95,fast,0,1421.4152716134204,33.93307083139349,-426.1831240099348,180.0,210.0,16.839273237208893
46.9842507909117,1467.691516393135,1610.8911727313946,1154.5913866762623,3374.3264205426817,,822.7475202802239,0.004705112481525761,60.0,210.0,30.0,1169.9211564118102,7.702969734087542e-08,60351.54862759542,1050.0,6945.673114862842,1787.0870623588562,0.8909135162830353,0.8910873532295227,1466.6386037516743,5,0.0,0.0,0.0,0.8655961453914642,Muon m=0.95 fast,Muon,0.95,fast,1,1420.7072656022233,31.23794658181577,-143.1996563382595,150.0,180.0,13.015749209088298
45.15190632784099,1644.9512044702262,1703.1660249034142,1105.5521685730773,3353.063005872084,,766.3443278863215,0.0056831155568665154,60.0,160.0,30.0,1331.191767169753,1.3306734776019563e-06,59874.38278870529,640.0,7242.029197317659,1779.1197283267975,0.8822067677974701,0.8822073936462402,1656.0709042486146,5,0.0,0.0,0.0,0.7869509160518646,Muon m=0.95 fast,Muon,0.95,fast,2,1599.7992981423852,36.431489570484366,-58.214820433187924,100.0,130.0,14.84809367215901
47.412161465965355,1888.2404526310447,2282.018868953482,1604.48294158362,9673.004694835681,12075.852481909356,823.5180347161333,0.004840788071389619,60.0,210.0,30.0,1633.4026053909624,7.479675576130833e-11,61114.4101903243,1070.0,6395.641249250286,1774.7362294197083,0.9176457524299622,0.9176701903343201,1613.9015089257314,5,0.0,0.0,0.0,0.9921473860740662,Muon m=0.95 fast,Muon,0.95,fast,3,1840.8282911650795,39.82607825181122,-393.77841632243735,150.0,180.0,12.587838534034645
47.26428401378847,1705.3262319429366,1731.250699308998,1124.4457341004063,2512.3391508930517,4879.217776067719,789.1025635636414,0.004860697555795887,60.0,170.0,30.0,819.2411089158693,1.7868000020651215e-10,59611.09240113967,1030.0,5966.0750596396365,1780.501963853836,0.9364897608757019,0.936799168586731,1412.9779881400113,5,0.0,0.0,0.0,0.9955891370773315,Muon m=0.95 fast,Muon,0.95,fast,4,1658.0619479291481,36.080653024288694,-25.924467366061435,110.0,140.0,12.735715986211531
183.33929214939707,6147.683012165882,5157.119910894862,3580.1398808641793,6397.627380501955,7477.460185098187,4646.886793401224,5.407319863785246e-09,520.0,4320.0,160.0,4779.324257605751,9.209084653101855e-10,18414.635757530777,3130.0,5734.890241513782,1783.3782138824463,0.9362611174583435,0.9412763714790344,4300.248854325788,5,0.0,0.0,0.0,0.9845167994499207,Muon m=0.95 slow,Muon,0.95,slow,0,5964.343720016485,33.531726560590954,990.5631012710201,3800.0,4160.0,336.66070785060293
186.80611898333748,5288.455387165522,4847.78199788515,3344.259492583472,6143.412619075621,,4475.859356138496,1.3001606692037098e-08,540.0,4130.0,170.0,4508.953464365951,1.008766375120587e-06,18002.91942381364,3070.0,7141.896731745726,1787.0870623588562,0.8911459147930145,0.8937362432479858,4058.816012405594,5,0.0,0.0,0.0,0.8214862048625946,Muon m=0.95 slow,Muon,0.95,slow,1,5101.649268182184,28.30986166806043,440.67338928037134,3590.0,3960.0,353.19388101666254
182.64583424489444,4000.5545093480578,3777.6389211811206,2693.836030303724,5317.748902166871,,3482.5594966255644,2.439138990075514e-07,740.0,3620.0,170.0,3308.807230021711,4.912917992349189e-09,17248.163960363134,2880.0,6924.571899411297,1779.1197283267975,0.9007220268249512,0.9007364511489868,3291.5641847169195,5,0.0,0.0,0.0,0.8841244280338287,Muon m=0.95 slow,Muon,0.95,slow,2,3817.908675103163,21.903343845138295,222.91558816693714,2880.0,3450.0,557.3541657551056
186.78021995665088,4402.033102468477,3805.622891386239,2787.9851186712194,4469.355020786946,5132.036743812767,3619.9314653567963,2.593019246825244e-07,740.0,3500.0,170.0,3325.7966323032347,6.936622973879618e-10,17476.039615428308,2910.0,5939.293827843678,1774.7362294197083,0.9394786059856415,0.9403420090675354,3410.880545942373,5,0.0,0.0,0.0,0.9984543323516846,Muon m=0.95 slow,Muon,0.95,slow,3,4215.252882511826,23.56798328800624,596.4102110822382,2760.0,3330.0,553.2197800433491
188.9748503578633,3923.2926777287257,3261.097499657174,2270.7531521950323,3845.80472465102,4360.066158597877,3237.357131983559,6.204143999901484e-07,750.0,2930.0,170.0,2890.399564430046,1.7814138114799992e-09,16469.5019044542,2730.0,6243.696830830464,1780.501963853836,0.9150309264659882,0.9231404066085815,3074.049249909174,5,0.0,0.0,0.0,0.9571408629417419,Muon m=0.95 slow,Muon,0.95,slow,4,3734.3178273708622,20.760924907727947,662.1951780715517,2180.0,2760.0,561.0251496421367
